"anime_title","anime_premiere","anime_release","anime_nextair","anime_img","anime_badge"
"100 Sleeping Princes & the Kingdom of Dreams","7/5/2018 12:00:00 AM","7/5/2018 12:00:00 AM","","//static.hidive.com/titles/OSP/OSP_01_MASTER_300x169.jpg","Exclusive"
"A Little Snow Fairy Sugar","10/2/2001 12:00:00 AM","10/2/2001 12:00:00 AM","","//static.hidive.com/titles/LSF/LSF_01_MASTER_300x169.jpg","Dubbed"
"Action Heroine Cheer Fruits","7/6/2017 12:00:00 AM","7/6/2017 5:00:00 PM","","//static.hidive.com/titles/ACF/action-heroine-cheer-fruits_ACF_MASTER_300x169.jpg",NA
"After the Rain","1/12/2018 12:00:00 AM","3/31/2021 1:00:00 PM","","//static.hidive.com/titles/ATR/after-the-rain_ATR_01_MASTER_300x169.jpg","Dubbed"
"Ahiru no Sora","10/2/2019 12:00:00 AM","9/30/2019 5:00:00 PM","","//static.hidive.com/titles/ANS/ahiru-no-sora_ANS_01_MASTER_300x169_01.jpg","Dubbed"
"Akame ga Kill!","7/6/2014 12:00:00 AM","7/6/2014 12:00:00 PM","","//static.hidive.com/titles/AGK/AGK_MASTER_300x169.jpg","Dubbed"
"AKB48 Ne-Mouse TV Season 14","1/19/2014 12:00:00 AM","10/1/2016 5:00:00 AM","","//static.hidive.com/titles/AKN/AKN_14_MASTER_300x169.jpg",NA
"AKB48 Ne-Mouse TV Season 3","10/9/2009 12:00:00 AM","10/1/2016 5:00:00 AM","","//static.hidive.com/titles/AKN/AKN_03_MASTER_300x169.jpg",NA
"Akikan!","1/3/2009 12:00:00 AM","10/1/2016 5:00:00 AM","","//static.hidive.com/titles/AK/AK_MASTER_300x169.jpg",NA
"Amagami SS","7/1/2010 12:00:00 AM","10/1/2016 5:00:00 AM","","//static.hidive.com/titles/AMG/AMG_MASTER_300x169.jpg",NA
"Amagami SS+ Plus","1/5/2012 12:00:00 AM","10/1/2016 5:00:00 AM","","//static.hidive.com/titles/ASS/ASS_MASTER_300x169.jpg",NA
"Amagi Brilliant Park","10/6/2014 12:00:00 AM","10/20/2016 7:00:00 PM","","//static.hidive.com/titles/ABP/ABP_01_MASTER_300x169.jpg","Dubbed"
"And Yet the Town Moves","10/8/2010 12:00:00 AM","10/1/2016 5:00:00 AM","","//static.hidive.com/titles/YTM/YTM_MASTER_300x169.jpg",NA
"Angelic Layer","4/1/2001 12:00:00 AM","10/1/2016 5:00:00 AM","","//static.hidive.com/titles/ANG/ANG_MASTER_300x169.jpg","Dubbed"
"Anonymous Noise","4/11/2017 12:00:00 AM","4/1/2017 12:00:00 AM","","//static.hidive.com/titles/AYN/AYN_01_MASTER_300x169.jpg","Dubbed"
"Ao-chan Can't Study!","4/5/2019 12:00:00 AM","4/1/2019 5:00:00 PM","","//static.hidive.com/titles/ACS/ao-chan-cant-study_ACS_01_MASTER_300x169.jpg","Dubbed"
"Aoharu x Machinegun","7/3/2015 12:00:00 AM","10/1/2016 5:00:00 AM","","//static.hidive.com/titles/AXM/AXM_MASTER_300x169.jpg","Dubbed"
"Armed Girl's Machiavellism","4/5/2017 12:00:00 AM","4/1/2017 12:00:00 AM","","//static.hidive.com/titles/AGM/AGM_01_MASTER_300x169.jpg","Dubbed"
"Armored Trooper VOTOMS","4/1/1983 12:00:00 AM","7/23/2018 5:00:00 AM","","//static.hidive.com/titles/ATV/ATV_01_MASTER_300x169.jpg","Exclusive"
"ASSASSINS PRIDE","10/10/2019 12:00:00 AM","10/3/2019 5:00:00 PM","","//static.hidive.com/titles/APR/assassins-pride_APR_01_MASTER_300x169_01.jpg","Dubbed"
"Asura Cryin'","4/2/2009 12:00:00 AM","8/6/2019 5:00:00 PM","","//static.hidive.com/titles/ASC/asura-cryin-ASC_01_MASTER_300x169.jpg",NA
"Asura Cryin' 2","10/1/2009 12:00:00 AM","8/6/2019 5:00:00 PM","","//static.hidive.com/titles/ASC/asura-cryin-season-2-ASC_02_MASTER_300x169.jpg",NA
"Atom: The Beginning","4/15/2017 12:00:00 AM","4/1/2017 12:00:00 AM","","//static.hidive.com/titles/ATB/ATB_01_MASTER_300x169.jpg",NA
"Aura Battler Dunbine","2/5/1983 12:00:00 AM","4/13/2018 10:00:00 PM","","//static.hidive.com/titles/ABD/ABD_01_MASTER_300x169.jpg","Dubbed"
"Azumanga Daioh","4/8/2002 12:00:00 AM","10/1/2016 5:00:00 AM","","//static.hidive.com/titles/AZD/AZD_01_MASTER_300x169.jpg","Dubbed"
"Bakuon!!","4/5/2016 12:00:00 AM","10/1/2016 5:00:00 AM","","//static.hidive.com/titles/BKN/BKN_01_MASTER_300x169.jpg",NA
"BanG Dream!","1/21/2017 12:00:00 AM","1/21/2017 2:00:00 PM","","//static.hidive.com/titles/BNG/BNG_MASTER_300x169.jpg",NA
"BanG Dream! 3rd Season","1/7/2020 12:00:00 AM","1/6/2020 6:00:00 PM","","//static.hidive.com/titles/BNG/bang-dream-s3-BNG_03_MASTER_300x169.jpg",NA
"BanG Dream! S2","1/3/2019 12:00:00 AM","1/2/2019 2:00:00 PM","","//static.hidive.com/titles/BNG/BNG_02_MASTER_300x169.jpg","Dubbed"
"Basquash!","4/2/2009 12:00:00 AM","7/15/2019 5:00:00 PM","","//static.hidive.com/titles/BSQ/basquash-BSQ_01_MASTER_300x169.jpg",NA
"Battle Girl High School","7/2/2017 12:00:00 AM","6/30/2017 5:00:00 PM","","//static.hidive.com/titles/BGH/BGH_01_MASTER_300x169.jpg","Exclusive"
"Battle Girls: Time Paradox","4/5/2011 12:00:00 AM","10/1/2016 5:00:00 AM","","//static.hidive.com/titles/SGO/SGO_MASTER_300x169.jpg","Dubbed"
"Beautiful Bones -Sakurako's Investigation-","10/8/2015 12:00:00 AM","10/1/2016 5:00:00 AM","","//static.hidive.com/titles/BBS/BBS_MASTER_300x169.jpg",NA
"Bermuda Triangle ~ Colorful Pastorale","1/12/2019 12:00:00 AM","1/12/2019 2:00:00 PM","","//static.hidive.com/titles/BRT/BRT_01_MASTER_300x169.jpg","Exclusive"
"Between the Sky and Sea","10/3/2018 12:00:00 AM","11/15/2018 6:00:00 PM","","//static.hidive.com/titles/BSS/BSS_01_MASTER_300x169.jpg",NA
"Beyond the Boundary","10/2/2013 12:00:00 AM","10/1/2016 5:00:00 AM","","//static.hidive.com/titles/BTB/BTB_MASTER_300x169.jpg","Dubbed"
"The Big O","10/13/1999 12:00:00 AM","3/1/2017 12:00:00 AM","","//static.hidive.com/titles/BGO/BGO_01_MASTER_300x169.jpg","Dubbed"
"Bloom Into You","10/5/2018 12:00:00 AM","9/27/2018 9:00:00 PM","","//static.hidive.com/titles/BIB/BIB_01_MASTER_300x169_01.jpg","Dubbed"
"Blue Gale Xabungle","2/6/1982 12:00:00 AM","8/9/2017 7:00:00 PM","","//static.hidive.com/titles/XBG/XBG_01_MASTER_300x169.jpg","Exclusive"
"Blue Seed","10/5/1994 12:00:00 AM","7/22/2019 5:00:00 PM","","//static.hidive.com/titles/BLS/blue-seed_BLS_01_MASTER_300x169.jpg","Dubbed"
"Bodacious Space Pirates","1/7/2012 12:00:00 AM","10/1/2016 5:00:00 AM","","//static.hidive.com/titles/BSP/BSP_MASTER_300x169.jpg","Dubbed"
"The Book of Bantorra","10/2/2009 12:00:00 AM","10/1/2016 5:00:00 AM","","//static.hidive.com/titles/BOB/BOB_MASTER_300x169.jpg","Dubbed"
"BPS: Battle Programmer Shirase","10/3/2003 12:00:00 AM","8/9/2019 5:00:00 PM","","//static.hidive.com/titles/BPS/Battle-Programmer-Shirase-BPS_01_MASTER_300x169.jpg",NA
"Brighter than the Dawning Blue","10/4/2006 12:00:00 AM","3/12/2018 11:00:00 PM","","//static.hidive.com/titles/YMY/YMY_MASTER_300x169.jpg",NA
"BTOOOM!","10/4/2012 12:00:00 AM","10/1/2016 5:00:00 AM","","//static.hidive.com/titles/BTM/BTM_MASTER_300x169.jpg","Dubbed"
"Busou Shinki","10/4/2012 12:00:00 AM","10/1/2016 5:00:00 AM","","//static.hidive.com/titles/BSH/BSH_MASTER_300x169.jpg",NA
"Canaan","7/4/2009 12:00:00 AM","10/1/2016 5:00:00 AM","","//static.hidive.com/titles/CN/CN_MASTER_300x169.jpg","Dubbed"
"Cardfight!! Vanguard overDress","4/2/2021 12:00:00 AM","3/26/2021 1:00:00 PM","","//static.hidive.com/titles/VOD/cardfight-vanguard-overdress_VOD_01_MASTER_300x169.jpg","Dubbed"
"Chaika - The Coffin Princess","4/9/2014 12:00:00 AM","10/1/2016 5:00:00 AM","","//static.hidive.com/titles/CPC/CPC_MASTER_300x169.jpg","Dubbed"
"Chaika - The Coffin Princess: Avenging Battle","10/8/2014 12:00:00 AM","10/1/2016 5:00:00 AM","","//static.hidive.com/titles/CPC/CPC_02_MASTER_300x169.jpg","Dubbed"
"Chance Pop Session","5/21/2001 12:00:00 AM","10/1/2016 5:00:00 AM","","//static.hidive.com/titles/TR/TR_MASTER_300x169.jpg","Dubbed"
"Chidori RSC","10/13/2019 12:00:00 AM","10/4/2019 5:00:00 PM","","//static.hidive.com/titles/RIB/chidori-rsc_RIB_01_MASTER_300x169_02.jpg","Dubbed"
"Chihayafuru","10/4/2011 12:00:00 AM","6/1/2017 6:00:00 AM","","//static.hidive.com/titles/CHF/CHF_01_MASTER_300x169.jpg","Dubbed"
"Chihayafuru Season 2","1/11/2013 12:00:00 AM","3/1/2018 6:00:00 AM","","//static.hidive.com/titles/CHF/CHF_02_MASTER_300x169_01.jpg","Dubbed"
"Chihayafuru Season 3","10/22/2019 12:00:00 AM","12/31/2019 11:00:00 PM","","//static.hidive.com/titles/CHF/chihayafuru-season-3_CHF_03_MASTER_300x169.jpg","Dubbed"
"Chivalry of a Failed Knight","10/3/2015 12:00:00 AM","10/1/2016 5:00:00 AM","","//static.hidive.com/titles/SFK/SFK_MASTER_300x169.jpg","Dubbed"
"Cinderella Nine","4/7/2019 12:00:00 AM","3/24/2020 7:30:00 PM","","//static.hidive.com/titles/CNN/Cinderella-Nine_CNN_01_MASTER_300x169.jpg",NA
"Clannad","10/4/2007 12:00:00 AM","10/1/2016 5:00:00 AM","","//static.hidive.com/titles/CL/CL_01_MASTER_300x169.jpg","Dubbed"
"Clannad: After Story","10/3/2008 12:00:00 AM","10/1/2016 5:00:00 AM","","//static.hidive.com/titles/CL/CL_02_MASTER_300x169.jpg","Dubbed"
"ClassicaLoid","10/8/2016 12:00:00 AM","10/1/2016 12:00:00 AM","","//static.hidive.com/titles/CLD/CLD_01_MASTER_300x169.jpg",NA
"ClassicaLoid 2","10/7/2017 12:00:00 AM","10/5/2017 10:00:00 PM","","//static.hidive.com/titles/CLD/CLD_02_MASTER_300x169.jpg","Exclusive"
"Cobra the Animation","1/2/2010 12:00:00 AM","10/1/2016 5:00:00 AM","","//static.hidive.com/titles/CBR/CBR_01_MASTER_300x169.jpg","Exclusive"
"Comet Lucifer","10/4/2015 12:00:00 AM","10/1/2016 5:00:00 AM","","//static.hidive.com/titles/CML/CML_MASTER_300x169.jpg",NA
"Croisée in a Foreign Labyrinth","7/4/2011 12:00:00 AM","10/1/2016 5:00:00 AM","","//static.hidive.com/titles/IMC/IMC_MASTER_300x169.jpg",NA
"Cutie Honey Universe","4/8/2018 12:00:00 AM","4/1/2018 5:00:00 AM","","//static.hidive.com/titles/CHU/CHU_01_MASTER_300x169.jpg","Dubbed"
"D4DJ First Mix","10/23/2020 12:00:00 AM","10/5/2020 1:00:00 PM","","//static.hidive.com/titles/DDJ/d4dj-first-mix_DDJ_01_MASTER_300x169_01.jpg","Dubbed"
"Dai Shogun","4/9/2014 12:00:00 AM","10/1/2016 5:00:00 AM","","//static.hidive.com/titles/DSH/DSH_MASTER_300x169.jpg",NA
"DAMEPRI ANIME CARAVAN","1/10/2018 12:00:00 AM","1/4/2018 7:00:00 PM","","//static.hidive.com/titles/DAP/DAP_01_MASTER_300x169.jpg","Exclusive"
"Darwin's Game","1/3/2020 12:00:00 AM","1/9/2020 12:00:00 AM","","//static.hidive.com/titles/DWG/darwins-game-DWG_01_MASTER_300x169_00.jpg",NA
"The Demon Girl Next Door","7/11/2019 12:00:00 AM","7/4/2019 1:30:00 PM","","//static.hidive.com/titles/MMZ/the-demon-girl-next-door-MMZ_01_MASTER_300x169.jpg","Dubbed"
"Demon King Daimao","4/3/2010 12:00:00 AM","10/1/2016 5:00:00 AM","","//static.hidive.com/titles/DKD/DKD_MASTER_300x169.jpg","Dubbed"
"Destiny of the Shrine Maiden","10/1/2004 12:00:00 AM","10/1/2016 5:00:00 AM","","//static.hidive.com/titles/DSM/DSM_01_MASTER_300x169.jpg","Dubbed"
"Devil Survivor 2: The Animation","4/4/2013 12:00:00 AM","10/1/2016 5:00:00 AM","","//static.hidive.com/titles/DSV/DSV_MASTER_300x169.jpg","Dubbed"
"DEVILS' LINE","4/7/2018 12:00:00 AM","4/1/2018 5:00:00 AM","","//static.hidive.com/titles/DVL/DVL_01_MASTER_300x169.jpg","Dubbed"
"DIABOLIK LOVERS II: MORE,BLOOD","10/4/2015 12:00:00 AM","10/1/2016 5:00:00 AM","","//static.hidive.com/titles/DBL/DBL_02_MASTER_300x169.jpg","Dubbed"
"Dimension High School","1/10/2019 12:00:00 AM","1/8/2019 6:00:00 PM","","//static.hidive.com/titles/DHS/DHS_01_MASTER_300x169.jpg",NA
"Dive!!","7/6/2017 12:00:00 AM","2/5/2021 3:00:00 PM","","//static.hidive.com/titles/MDC/dive_MDC_01_MASTER_300x169.jpg",NA
"Divergence Eve","7/2/2003 12:00:00 AM","10/1/2016 5:00:00 AM","","//static.hidive.com/titles/DVE/DVE_01_MASTER_300x169.jpg","Dubbed"
"Divergence Eve: Misaki Chronicles","1/7/2004 12:00:00 AM","10/1/2016 5:00:00 AM","","//static.hidive.com/titles/DVE/DVE_02_MASTER_300x169.jpg","Dubbed"
"Domestic Girlfriend","1/11/2019 12:00:00 AM","1/8/2019 6:00:00 PM","","//static.hidive.com/titles/DGF/DGF_01_MASTER_300x169.jpg","Dubbed"
"DOREIKU The Animation","4/12/2018 12:00:00 AM","4/1/2018 5:00:00 AM","","//static.hidive.com/titles/DRK/DRK_01_MASTER_300x169_v02.jpg","Dubbed"
"Dream Eater Merry","1/7/2011 12:00:00 AM","10/1/2016 5:00:00 AM","","//static.hidive.com/titles/DEM/DEM_MASTER_300x169.jpg","Dubbed"
"Dusk Maiden of Amnesia","4/8/2012 12:00:00 AM","10/1/2016 5:00:00 AM","","//static.hidive.com/titles/DMA/DMA_MASTER_300x169.jpg","Dubbed"
"DYNAMIC CHORD","10/7/2017 12:00:00 AM","10/5/2017 10:00:00 PM","","//static.hidive.com/titles/DYC/DYC_01_MASTER_300x169.jpg","Exclusive"
"EARL & FAIRY","9/29/2008 12:00:00 AM","4/16/2021 1:00:00 PM","","//static.hidive.com/titles/EAF/earl-fairy_EAF_01_MASTER_300x169.jpg",NA
"Ebiten ~ Ebisugawa's Public High School Tenmonbu","7/14/2012 12:00:00 AM","10/1/2016 5:00:00 AM","","//static.hidive.com/titles/EBT/EBT_MASTER_300x169.jpg",NA
"The Eden of Grisaia","4/20/2015 12:00:00 AM","10/1/2016 5:00:00 AM","","//static.hidive.com/titles/EGR/EGR_MASTER_300x169.jpg",NA
"Elfen Lied","7/25/2004 12:00:00 AM","10/1/2016 5:00:00 AM","","//static.hidive.com/titles/ELF/ELF_MASTER_300x169.jpg","Dubbed"
"Engaged to the Unidentified","1/8/2014 12:00:00 AM","10/1/2016 5:00:00 AM","","//static.hidive.com/titles/EU/EU_MASTER_300x169.jpg",NA
"The Familiar of Zero F","1/7/2012 12:00:00 AM","4/8/2014 12:00:00 AM","","//static.hidive.com/titles/FZF/FZF_MASTER_300x169.jpg",NA
"The Familiar of Zero: ""Rondo"" of Princesses","7/6/2008 12:00:00 AM","10/1/2016 5:00:00 AM","","//static.hidive.com/titles/FZP/FZP_03_MASTER_300x169.jpg",NA
"Fantasista Doll","7/7/2013 12:00:00 AM","10/1/2016 5:00:00 AM","","//static.hidive.com/titles/FSD/FSD_MASTER_300x169.jpg",NA
"Fate/Grand Order Absolute Demonic Front: Babylonia","10/5/2019 12:00:00 AM","11/4/2019 5:00:00 PM","","//static.hidive.com/titles/FGO/fate-grand-order-absolute-demonic-front-babylonia_FGO_01_MASTER_300x169.jpg",NA
"Fate/Kaleid Liner Prisma Illya 2wei!","7/10/2014 12:00:00 AM","10/1/2016 5:00:00 AM","","//static.hidive.com/titles/FKW/FKW_MASTER_300x169.jpg","Dubbed"
"Fate/Kaleid Liner Prisma Illya 2wei! Herz!","7/24/2015 12:00:00 AM","10/1/2016 5:00:00 AM","","//static.hidive.com/titles/FKW/FKW_03_MASTER_300x169.jpg","Dubbed"
"Fate/Stay Night","1/6/2006 12:00:00 AM","10/1/2016 5:00:00 AM","","//static.hidive.com/titles/FST/FST_MASTER_300x169.jpg","Dubbed"
"FLIP FLAPPERS","10/6/2016 12:00:00 AM","10/1/2016 12:00:00 AM","","//static.hidive.com/titles/FLP/FLP_01_MASTER_300x169.jpg","Dubbed"
"Flowers of Evil","4/5/2013 12:00:00 AM","10/1/2016 5:00:00 AM","","//static.hidive.com/titles/FOE/FOE_MASTER_300x169.jpg",NA
"Flying Witch","4/9/2016 12:00:00 AM","10/1/2016 5:00:00 AM","","//static.hidive.com/titles/FLW/FLW_01_MASTER_300x169.jpg","Dubbed"
"Food Wars!","4/4/2015 12:00:00 AM","10/1/2016 5:00:00 AM","","//static.hidive.com/titles/FDW/FDW_MASTER_300x169.jpg","Dubbed"
"Food Wars! The Second Plate","7/2/2016 12:00:00 AM","10/1/2016 5:00:00 AM","","//static.hidive.com/titles/FDW/FDW_02_MASTER_300x169.jpg","Dubbed"
"Food Wars! The Third Plate","10/4/2017 12:00:00 AM","2/7/2020 12:00:00 PM","","//static.hidive.com/titles/FDW/food-wars-third-plate_FDW_03_MASTER_300x169.jpg","Dubbed"
"Frame Arms Girl","4/4/2017 12:00:00 AM","4/1/2017 6:00:00 AM","","//static.hidive.com/titles/FAG/FAG_01_MASTER_300x169.jpg",NA
"Future Folktales","4/3/2020 12:00:00 AM","4/1/2020 6:00:00 PM","","//static.hidive.com/titles/AFF/future-folktales-AFF_01_MASTER_300x169_01.jpg",NA
"Gakuen Basara: Samurai High School","10/5/2018 12:00:00 AM","10/2/2018 4:00:00 PM","","//static.hidive.com/titles/GBS/GBS_01_MASTER_300x169.jpg","Exclusive"
"Gargoyle of Yoshinaga House","4/4/2006 12:00:00 AM","4/12/2021 1:00:00 PM","","//static.hidive.com/titles/GYH/gargoyle-of-yoshinaga-house_GYH_01_MASTER_300x169.jpg",NA
"GARO","10/7/2005 12:00:00 AM","6/16/2017 12:00:00 AM","","//static.hidive.com/titles/GAR/GAR_01_MASTER_300x169.jpg","Exclusive"
"GARO - Makai Senki","10/6/2011 12:00:00 AM","8/10/2018 5:30:00 PM","","//static.hidive.com/titles/GAR/GAR_02_MASTER_300x169.jpg","Exclusive"
"Gatchaman Crowds","7/12/2013 12:00:00 AM","10/1/2016 5:00:00 AM","","//static.hidive.com/titles/GMC/GMC_MASTER_300x169.jpg","Dubbed"
"Gatchaman Crowds insight","6/20/2015 12:00:00 AM","10/1/2016 5:00:00 AM","","//static.hidive.com/titles/GMC/GMC_02_MASTER_300x169.jpg","Dubbed"
"Gatchaman Fighter","10/7/1979 12:00:00 AM","8/24/2018 12:00:00 AM","","//static.hidive.com/titles/GTM/GTM_03_MASTER_300x169.jpg",NA
"Gatchaman II","10/1/1978 12:00:00 AM","8/23/2018 5:00:00 AM","","//static.hidive.com/titles/GTM/GTM_02_MASTER_300x169.jpg",NA
"GATE","7/3/2015 12:00:00 AM","10/1/2016 5:00:00 AM","","//static.hidive.com/titles/GTE/GTE_MASTER_300x169.jpg","Dubbed"
"Get Backers","10/5/2002 12:00:00 AM","10/1/2016 5:00:00 AM","","//static.hidive.com/titles/GBK/GBK_01_MASTER_300x169.jpg","Dubbed"
"Getter Robo Arc","7/4/2021 12:00:00 AM","7/2/2021 1:00:00 PM","","//static.hidive.com/titles/GTR/getter-robo-arc_GTR_01_MASTER_300x169_01.jpg","Dubbed"
"The Girl in Twilight","10/1/2018 12:00:00 AM","9/28/2018 3:30:00 PM","","//static.hidive.com/titles/GIT/GIT_01_MASTER_300x169.jpg","Exclusive"
"Girlish Number","10/7/2016 12:00:00 AM","10/1/2016 12:00:00 AM","","//static.hidive.com/titles/GRN/GRN_01_MASTER_300x169.jpg",NA
"Girls Beyond the Wasteland","1/7/2016 12:00:00 AM","10/1/2016 5:00:00 AM","","//static.hidive.com/titles/GBY/GBY_01_MASTER_300x169.jpg",NA
"Girls' Last Tour","10/6/2017 12:00:00 AM","10/6/2017 2:00:00 PM","","//static.hidive.com/titles/GRT/GRT_01_MASTER_300x169.jpg","Dubbed"
"Girls und Panzer","10/9/2012 12:00:00 AM","10/1/2016 5:00:00 AM","","//static.hidive.com/titles/GUP/GUP_MASTER_300x169.jpg","Dubbed"
"Glass Mask","4/5/2005 12:00:00 AM","7/15/2019 4:00:00 PM","","//static.hidive.com/titles/GM/GM_01_MASTER_300x169.jpg",NA
"Glass Mask 1984","4/9/1984 12:00:00 AM","5/1/2018 5:00:00 AM","","//static.hidive.com/titles/GMK/GMK_01_MASTER_300x169.jpg",NA
"GODANNAR","10/1/2003 12:00:00 AM","10/1/2016 5:00:00 AM","","//static.hidive.com/titles/GOD/GOD_MASTER_300x169.jpg","Dubbed"
"Golden Time","10/3/2013 12:00:00 AM","10/1/2016 5:00:00 AM","","//static.hidive.com/titles/GDT/GDT_MASTER_300x169.jpg","Dubbed"
"Golgo 13","4/11/2008 12:00:00 AM","10/1/2016 5:00:00 AM","","//static.hidive.com/titles/GLG/GLG_MASTER_300x169.jpg","Dubbed"
"The Good Witch of the West","4/7/2006 12:00:00 AM","5/22/2017 5:00:00 AM","","//static.hidive.com/titles/GWT/GWT_01_MASTER_300x169.jpg",NA
"Gourmet Girl Graffiti","1/9/2015 12:00:00 AM","10/1/2016 5:00:00 AM","","//static.hidive.com/titles/GGG/GGG_MASTER_300x169.jpg",NA
"Granblue Fantasy: The Animation Season 2","10/4/2019 12:00:00 AM","10/4/2019 2:00:00 PM","","//static.hidive.com/titles/GBF/granblue-fantasy-season2_GBF_02_MASTER_300x169.jpg",NA
"Grimms Notes the Animation","1/11/2019 12:00:00 AM","1/26/2019 6:00:00 PM","","//static.hidive.com/titles/GRM/GRM_01_MASTER_300x169.jpg",NA
"Grimoire of Zero","4/10/2017 12:00:00 AM","4/1/2017 12:00:00 AM","","//static.hidive.com/titles/ZHM/ZHM_01_MASTER_300x169.jpg","Dubbed"
"Gugure! Kokkuri-san","10/5/2014 12:00:00 AM","10/1/2016 5:00:00 AM","","//static.hidive.com/titles/GKS/GKS_MASTER_300x169.jpg",NA
"Gunparade March","2/6/2003 12:00:00 AM","11/2/2018 5:00:00 AM","","//static.hidive.com/titles/GPM/GPM_01_MASTER_300x169.jpg","Dubbed"
"Haikyu!! 3rd Season","10/7/2016 12:00:00 AM","10/27/2016 5:00:00 AM","","//static.hidive.com/titles/HKY/HKY_03_MASTER_300x169.jpg","Dubbed"
"Hakkenden: Eight Dogs of the East","1/5/2013 12:00:00 AM","10/1/2016 5:00:00 AM","","//static.hidive.com/titles/HKD/HKD_MASTER_300x169.jpg","Dubbed"
"Hakkenden: Eight Dogs of the East Season 2","7/7/2013 12:00:00 AM","10/1/2016 5:00:00 AM","","//static.hidive.com/titles/HKD/HKD_02_MASTER_300x169.jpg","Dubbed"
"Hakumei and Mikochi","1/12/2018 12:00:00 AM","1/4/2018 7:00:00 PM","","//static.hidive.com/titles/HAM/HAM_01_MASTER_300x169.jpg","Dubbed"
"Hanaukyo Maid Team: La Verite","4/4/2004 12:00:00 AM","10/1/2016 5:00:00 AM","","//static.hidive.com/titles/HKM/HKM_01_MASTER_300x169.jpg","Dubbed"
"Hanayamata","7/8/2014 12:00:00 AM","10/1/2016 5:00:00 AM","","//static.hidive.com/titles/HYM/HYM_01_MASTER_300x169.jpg","Dubbed"
"Hareluya II Boy","4/8/1997 12:00:00 AM","11/24/2021 2:00:00 PM","3/17/2022 5:00:00 PM","//static.hidive.com/titles/HTB/hareluya-II-boy_HTB_01_MASTER_300x169.jpg","E16 In 5 Days"
"Hataraki Man","10/13/2006 12:00:00 AM","3/6/2019 5:00:00 PM","","//static.hidive.com/titles/HTM/hataraki-man_HTM_01_MASTER_300x169.jpg","Exclusive"
"Hatenkou Yugi","1/4/2008 12:00:00 AM","10/20/2016 12:00:00 AM","","//static.hidive.com/titles/HTK/HTK_01_MASTER_300x1699.jpg",NA
"Hatsukoi Limited","4/11/2009 12:00:00 AM","10/1/2016 5:00:00 AM","","//static.hidive.com/titles/HL/HL_MASTER_300x169.jpg",NA
"Haven’t You Heard? I’m Sakamoto","4/8/2016 12:00:00 AM","10/1/2016 5:00:00 AM","","//static.hidive.com/titles/HYH/HYH_01_MASTER_300x169.jpg","Dubbed"
"Hayate the Combat Butler","4/1/2007 12:00:00 AM","10/1/2016 5:00:00 AM","","//static.hidive.com/titles/HCB/HCB_01_MASTER_300x169.jpg",NA
"Hayate the Combat Butler 2nd Season","4/3/2009 12:00:00 AM","10/1/2016 5:00:00 AM","","//static.hidive.com/titles/HCB/HCB_02_MASTER_300x169.jpg",NA
"Hayate the Combat Butler! Can't Take My Eyes Off You","4/5/2011 12:00:00 AM","10/1/2016 5:00:00 AM","","//static.hidive.com/titles/HCB/HCB_03_MASTER_300x169.jpg",NA
"Hayate the Combat Butler: Cuties","4/8/2013 12:00:00 AM","10/1/2016 5:00:00 AM","","//static.hidive.com/titles/HCB/HCB_04_MASTER_300x169.jpg",NA
"He is My Master","4/7/2005 12:00:00 AM","10/1/2016 5:00:00 AM","","//static.hidive.com/titles/HMM/HMM_MASTER_300x169.jpg",NA
"Heaven's Memo Pad","7/2/2011 12:00:00 AM","10/1/2016 5:00:00 AM","","//static.hidive.com/titles/HMP/HMP_MASTER_300x169.jpg","Dubbed"
"Hello Kitty & Friends - Let's Learn Together","1/1/2017 12:00:00 AM","12/19/2019 1:00:00 PM","","//static.hidive.com/titles/HKF/Hello-Kitty-and-Friends-Lets-Learn-Together_HKF_01_MASTER_300x169.jpg","Dubbed"
"Hello!! KINMOZA!","4/6/2015 12:00:00 AM","10/1/2016 5:00:00 AM","","//static.hidive.com/titles/KMZ/KMZ_02_MASTER_300x169.jpg",NA
"Hentai Prince & the Stony Cat","4/13/2013 12:00:00 AM","10/1/2016 5:00:00 AM","","//static.hidive.com/titles/HPC/HPC_01_MASTER_300x169_v02.jpg",NA
"Hidamari Sketch","1/11/2007 12:00:00 AM","10/1/2016 5:00:00 AM","","//static.hidive.com/titles/HS/HS_01_MASTER_300x169.jpg",NA
"Hidamari Sketch Hoshimittsu","1/7/2010 12:00:00 AM","10/1/2016 5:00:00 AM","","//static.hidive.com/titles/HS/HS_03_MASTER_300x169.jpg",NA
"Hidamari Sketch x 365","7/3/2008 12:00:00 AM","10/1/2016 5:00:00 AM","","//static.hidive.com/titles/HS/HS_02_MASTER_300x169.jpg",NA
"Hidamari Sketch x Honeycomb","10/4/2012 12:00:00 AM","10/1/2016 5:00:00 AM","","//static.hidive.com/titles/HS/HS_04_MASTER_300x169.jpg",NA
"High School of the Dead","7/5/2010 12:00:00 AM","10/1/2016 5:00:00 AM","","//static.hidive.com/titles/HSO/HSO_MASTER_300x169.jpg","Dubbed"
"Hiiro no Kakera ~ The Tamayori Princess Saga","3/5/2012 12:00:00 AM","10/1/2016 5:00:00 AM","","//static.hidive.com/titles/HNK/HNK_MASTER_300x169.jpg","Dubbed"
"Hiiro no Kakera ~ The Tamayori Princess Saga 2","9/30/2012 12:00:00 AM","10/1/2016 5:00:00 AM","","//static.hidive.com/titles/HNK/HNK_02_MASTER_300x169.jpg","Dubbed"
"Himouto! Umaru-chan","7/8/2015 12:00:00 AM","7/8/2015 12:00:00 AM","","//static.hidive.com/titles/HUC/HUC_MASTER_300x169.jpg","Dubbed"
"Himouto! Umaru-chan R","10/8/2017 12:00:00 AM","10/6/2017 4:00:00 PM","","//static.hidive.com/titles/HUC/HUC_02_MASTER_300x169.jpg",NA
"Hitorijime My Hero","7/8/2017 12:00:00 AM","6/30/2017 5:00:00 PM","","//static.hidive.com/titles/HMH/hitorijime-my-hero_HMH_MASTER_300x169.jpg","Dubbed"
"Horizon in the Middle of Nowhere","10/1/2011 12:00:00 AM","10/1/2016 5:00:00 AM","","//static.hidive.com/titles/HZN/HZN_01_MASTER_300x169.jpg","Dubbed"
"Horizon In The Middle Of Nowhere II","7/7/2012 12:00:00 AM","10/1/2016 5:00:00 AM","","//static.hidive.com/titles/HZN/HZN_02_MASTER_300x169.jpg","Dubbed"
"How Clumsy you are, Miss Ueno.","1/6/2019 12:00:00 AM","1/3/2019 6:00:00 PM","","//static.hidive.com/titles/CMU/CMU_01_MASTER_300x169.jpg","Dubbed"
"Hozuki's Coolheadedness","1/10/2014 12:00:00 AM","10/1/2016 5:00:00 AM","","//static.hidive.com/titles/HZC/HZC_MASTER_300x169.jpg",NA
"Hozuki's Coolheadedness 2","10/7/2017 12:00:00 AM","10/5/2017 10:00:00 PM","","//static.hidive.com/titles/HZC/HZC_02_MASTER_300x169.jpg","Exclusive"
"Human Crossing","4/5/2003 12:00:00 AM","12/21/2018 6:00:00 PM","","//static.hidive.com/titles/HMC/HMC_01_MASTER_300x169.jpg","Dubbed"
"Humanity Has Declined","7/2/2012 12:00:00 AM","10/1/2016 5:00:00 AM","","//static.hidive.com/titles/HHD/HHD_MASTER_300x169.jpg",NA
"I Couldn't Become a Hero, So I Reluctantly Decided to Get a Job","10/4/2013 12:00:00 AM","10/1/2016 5:00:00 AM","","//static.hidive.com/titles/YSB/YSB_MASTER_300x169.jpg",NA
"Infinite Stratos","1/7/2011 12:00:00 AM","10/1/2016 5:00:00 AM","","//static.hidive.com/titles/IFS/IFS_MASTER_300x169.jpg","Dubbed"
"IRODUKU: The World in Colors","10/6/2018 12:00:00 AM","12/22/2021 2:00:00 PM","3/16/2022 5:00:00 PM","//static.hidive.com/titles/IWC/iroduku-the-world-in-colors_IWC_01_MASTER_300x169_01.jpg","E12 In 4 Days"
"Is It Wrong to Try to Pick Up Girls in a Dungeon?","4/4/2015 12:00:00 AM","4/4/2015 5:00:00 AM","","//static.hidive.com/titles/WPG/WPG_MASTER_300x169.jpg","Dubbed"
"Is It Wrong to Try to Pick Up Girls in a Dungeon? II","7/5/2019 12:00:00 AM","7/2/2019 4:00:00 PM","","//static.hidive.com/titles/WPG/Is-it-Wrong-to-Try-to-Pick-Up-Girls-in-a-Dungeon-II_WPG_02_MASTER_300x169_01.jpg","Dubbed"
"Is it Wrong to Try to Pick Up Girls in a Dungeon? III","10/2/2020 12:00:00 AM","9/23/2020 2:00:00 PM","","//static.hidive.com/titles/WPG/Is-it-Wrong-to-Try-to-Pick-Up-Girls-in-a-Dungeon-III_WPG_03_MASTER_300x169.jpg","Dubbed"
"Is the Order a Rabbit? - BLOOM Season 3","10/10/2020 12:00:00 AM","9/25/2020 5:00:00 PM","","//static.hidive.com/titles/IOR/Is-the-Order-a-Rabbit-BLOOM_IOR_03_MASTER_300x169_00.jpg",NA
"Is the Order a Rabbit?? Season 2","10/10/2015 12:00:00 AM","10/1/2016 5:00:00 AM","","//static.hidive.com/titles/IOR/IOR_02_MASTER_300x169.jpg",NA
"Joshiraku","7/5/2012 12:00:00 AM","9/30/2019 5:00:00 PM","","//static.hidive.com/titles/JHK/joshiraku_JHK_01_MASTER_300x169.jpg",NA
"Just Because!","10/5/2017 12:00:00 AM","10/5/2017 3:30:00 PM","","//static.hidive.com/titles/JTB/JTB_01_MASTER_300x169.jpg","Dubbed"
"Kabukibu!","4/6/2017 12:00:00 AM","4/1/2017 12:00:00 AM","","//static.hidive.com/titles/KBB/KBB_01_MASTER_300x169.jpg",NA
"Kaiji: Against All Rules","4/5/2011 12:00:00 AM","12/14/2020 2:00:00 PM","","//static.hidive.com/titles/KAJ/kaiji-against-all-rules_KAJ_02_MASTER_300x169.jpg",NA
"Kaiji: Ultimate Survivor","10/2/2007 12:00:00 AM","11/20/2020 2:00:00 PM","","//static.hidive.com/titles/KAJ/kaiji-ultimate-survivor_KAJ_01_MASTER_300x169.jpg",NA
"Kamisama Dolls","7/6/2011 12:00:00 AM","10/1/2016 5:00:00 AM","","//static.hidive.com/titles/KD/KD_MASTER_300x169.jpg","Dubbed"
"Kampfer","10/1/2009 12:00:00 AM","10/1/2016 5:00:00 AM","","//static.hidive.com/titles/KM/KM_MASTER_300x169.jpg","Dubbed"
"Kanamemo","7/5/2009 12:00:00 AM","7/17/2019 5:00:00 PM","","//static.hidive.com/titles/KAN/kanamemo-KAN_01_MASTER_300x169.jpg",NA
"Kandagawa Jet Girls","10/8/2019 12:00:00 AM","10/1/2019 5:00:00 PM","","//static.hidive.com/titles/KJG/kandagawa-jet-girls_KJG_01_MASTER_300x169_01.jpg","Dubbed"
"The Kawai Complex Guide to Manors and Hostel Behavior","4/5/2014 12:00:00 AM","10/1/2016 5:00:00 AM","","//static.hidive.com/titles/KCG/KCG_MASTER_300x169.jpg",NA
"Kids on the Slope","4/12/2012 12:00:00 AM","10/1/2016 5:00:00 AM","","//static.hidive.com/titles/KOS/KOS_MASTER_300x169.jpg","Dubbed"
"Kill Me Baby","1/5/2012 12:00:00 AM","10/1/2016 5:00:00 AM","","//static.hidive.com/titles/KMB/KMB_MASTER_300x169.jpg","Dubbed"
"Killing Bites","1/12/2018 12:00:00 AM","1/15/2021 5:00:00 PM","","//static.hidive.com/titles/KLB/killing-bites_KLB_01_MASTER_300x169.jpg",NA
"KimiKiss","10/6/2007 12:00:00 AM","3/14/2018 10:00:00 PM","","//static.hidive.com/titles/KPR/kimikiss_KPR_MASTER_300x169_00.jpg",NA
"KINMOZA!","7/20/2012 12:00:00 AM","10/1/2016 5:00:00 AM","","//static.hidive.com/titles/KMZ/KMZ_01_MASTER_300x169.jpg",NA
"Kino's Journey","4/8/2003 12:00:00 AM","10/1/2016 5:00:00 AM","","//static.hidive.com/titles/KJ/KJ_MASTER_300x169.jpg","Dubbed"
"Kissdum R: Engage Planet","4/3/2007 12:00:00 AM","3/25/2018 6:00:00 AM","","//static.hidive.com/titles/KDR/KDR_01_MASTER_300x169.jpg",NA
"Koihime Muso","7/8/2008 12:00:00 AM","3/9/2018 2:00:00 PM","","//static.hidive.com/titles/KH/KH_MASTER_300x169.jpg",NA
"Kokkoku","1/8/2018 12:00:00 AM","4/8/2021 1:00:00 PM","","//static.hidive.com/titles/KOK/kokkoku_KOK_01_MASTER_300x169.jpg","Dubbed"
"Kokoro Connect","7/7/2012 12:00:00 AM","10/1/2016 5:00:00 AM","","//static.hidive.com/titles/KC/KC_MASTER_300x169.jpg","Dubbed"
"K-ON! Season 1","4/2/2009 12:00:00 AM","10/1/2016 5:00:00 AM","","//static.hidive.com/titles/KNO/KNO_MASTER_300x169.jpg","Dubbed"
"K-ON! Season 2","4/7/2010 12:00:00 AM","10/1/2016 5:00:00 AM","","//static.hidive.com/titles/KON/KON_02_MASTER_300x169.jpg","Dubbed"
"Kurenai","4/3/2008 12:00:00 AM","10/1/2016 5:00:00 AM","","//static.hidive.com/titles/KRN/KRN_MASTER_300x169.jpg",NA
"La Storia della Arcana Famiglia","7/1/2012 12:00:00 AM","10/1/2016 5:00:00 AM","","//static.hidive.com/titles/AFG/AFG_MASTER_300x169.jpg","Dubbed"
"Land of the Lustrous","10/7/2017 12:00:00 AM","10/5/2017 10:00:00 PM","","//static.hidive.com/titles/LOL/LOL_01_MASTER_300x169.jpg","Dubbed"
"Legend of the Galactic Heroes","12/21/1988 12:00:00 AM","3/15/2017 5:00:00 AM","","//static.hidive.com/titles/LGH/LegendGalacticHeroes_MASTER_300x169.jpg","Exclusive"
"Legend of the Galactic Heroes Gaiden","2/9/1998 12:00:00 AM","2/1/2018 5:00:00 AM","","//static.hidive.com/titles/LGH/LGH_02_MASTER_300x169.jpg","Exclusive"
"Listen to Me, Girls. I am Your Father!","1/10/2012 12:00:00 AM","10/1/2016 5:00:00 AM","","//static.hidive.com/titles/LMG/LMG_MASTER_300x169.jpg",NA
"Little Busters!","10/6/2012 12:00:00 AM","10/1/2016 5:00:00 AM","","//static.hidive.com/titles/LBS/LBS_MASTER_300x169.jpg","Dubbed"
"Little Busters! Refrain","10/6/2012 12:00:00 AM","10/1/2016 5:00:00 AM","","//static.hidive.com/titles/LBR/LBR_MASTER_300x169.jpg","Dubbed"
"Living for the Day After Tomorrow","10/5/2006 12:00:00 AM","10/1/2016 5:00:00 AM","","//static.hidive.com/titles/ANH/ANH_MASTER_300x169.jpg",NA
"Lone Wolf and Cub","4/1/1973 12:00:00 AM","11/22/2017 6:00:00 PM","","//static.hidive.com/titles/LWC/LWC_01_MASTER_300x169.jpg","Exclusive"
"Long Riders!","10/8/2016 12:00:00 AM","10/27/2016 5:00:00 AM","","//static.hidive.com/titles/LRD/LRD_01_MASTER_300x169.jpg",NA
"LOVE * LOVE?","5/3/2004 12:00:00 AM","3/25/2018 5:00:00 AM","","//static.hidive.com/titles/MJ-0107/MJ-0107_MASTER_300x169.jpg",NA
"LOVE and LIES","7/3/2017 12:00:00 AM","6/30/2017 5:00:00 PM","","//static.hidive.com/titles/LAL/LOVE-and-LIES_LAL_01_MASTER_300x169.jpg",NA
"Love Stage!!","7/9/2014 12:00:00 AM","10/1/2016 5:00:00 AM","","//static.hidive.com/titles/LVS/LVS_MASTER_300x169.jpg","Dubbed"
"Love, Chunibyo & Other Delusions!","10/3/2012 12:00:00 AM","10/1/2016 5:00:00 AM","","//static.hidive.com/titles/CDK/CDK_01_MASTER_300x169.jpg","Dubbed"
"Love, Chunibyo & Other Delusions! -Heart Throb-","1/8/2014 12:00:00 AM","10/1/2016 5:00:00 AM","","//static.hidive.com/titles/CDK/CDK_02_MASTER_300x169.jpg","Dubbed"
"Love, Election & Chocolate","7/5/2012 12:00:00 AM","10/1/2016 5:00:00 AM","","//static.hidive.com/titles/LEC/LEC_MASTER_300x169.jpg",NA
"Lunar Legend Tsukihime","10/9/2003 12:00:00 AM","1/1/2017 12:00:00 AM","","//static.hidive.com/titles/LLT/LLT_MASTER_300x169.jpg","Dubbed"
"LUPIN THE 3rd - The Woman Called Fujiko Mine","4/4/2012 12:00:00 AM","3/1/2022 2:00:00 PM","","//static.hidive.com/titles/LPN/lupin-the-3rd_LPN_FujikoMine_MASTER_300x169.jpg","Dubbed"
"Lupin the 3rd - Part 1","10/24/1971 12:00:00 AM","12/16/2021 2:00:00 PM","","//static.hidive.com/titles/LPN/lupin-the-3rd-part-1_LPN_01_MASTER_300x169.jpg","Dubbed"
"LUPIN THE 3rd, PART 4","9/6/2015 12:00:00 AM","3/8/2022 2:00:00 PM","3/15/2022 5:00:00 PM","//static.hidive.com/titles/LPN/lupin-the-3rd-part-4_LPN_04_MASTER_300x169.jpg","E1 In 3 Days"
"Lupin the 3rd: Part 5","4/3/2018 12:00:00 AM","2/13/2020 5:00:00 PM","","//static.hidive.com/titles/LPN/lupin-the-3rd_LPN_05_MASTER_300x169.jpg","Dubbed"
"Lupin the 3rd: Part 6","10/9/2021 12:00:00 AM","10/6/2021 1:00:00 PM","3/12/2022 5:30:00 PM","//static.hidive.com/titles/LPN/lupin-the-3rd-part-6_LPN_06_MASTER_300x169.jpg","Today"
"MADE IN ABYSS","7/7/2017 12:00:00 AM","6/30/2017 5:00:00 PM","","//static.hidive.com/titles/MIA/made-in-abyss_MIA_MASTER_300x169.jpg","Dubbed"
"Magia Record: Puella Magi Madoka Magica Side Story","1/4/2020 12:00:00 AM","1/9/2020 12:00:00 AM","","//static.hidive.com/titles/MGR/magia-record-MGR_01_MASTER_300x169_00.jpg",NA
"Magia Record: Puella Magi Madoka Magica Side Story Season 2 -The Eve of Awakening-","7/31/2021 12:00:00 AM","7/20/2021 1:00:00 PM","","//static.hidive.com/titles/MGR/magia-record-MGR_02_MASTER_300x169.jpg","New Release"
"Magic of Stella","10/3/2016 12:00:00 AM","10/27/2016 5:00:00 AM","","//static.hidive.com/titles/MOS/MOS_01_MASTER_300x169.jpg",NA
"Magical Girl Site","4/7/2018 12:00:00 AM","8/12/2021 1:00:00 PM","","//static.hidive.com/titles/MAG/magical-girl-site_MAG_01_MASTER_300x169.jpg",NA
"Magical Shopping Arcade Abenobashi","4/4/2002 12:00:00 AM","10/1/2016 5:00:00 AM","","//static.hidive.com/titles/MSS/MSS_MASTER_300x169.jpg","Dubbed"
"Magical Warfare","1/9/2014 12:00:00 AM","10/1/2016 5:00:00 AM","","//static.hidive.com/titles/MGW/MGW_MASTER_300x169.jpg","Dubbed"
"The Magnificent KOTOBUKI","1/13/2019 12:00:00 AM","1/9/2019 6:00:00 PM","","//static.hidive.com/titles/KFC/KFC_01_MASTER_300x169.jpg",NA
"Mahoromatic: Automatic Maiden","9/10/2001 12:00:00 AM","10/1/2016 5:00:00 AM","","//static.hidive.com/titles/MH/MH_01_MASTER_300x169.jpg","Dubbed"
"Mahoromatic: Something More Beautiful","9/26/2002 12:00:00 AM","10/1/2016 5:00:00 AM","","//static.hidive.com/titles/MH/MH_02_MASTER_300x169.jpg","Dubbed"
"Negima! (2005)","1/5/2005 12:00:00 AM","8/30/2018 4:00:00 PM","","//static.hidive.com/titles/NGM/NGM_01_MASTER_300x169.jpg","Dubbed"
"Maid-Sama!","4/1/2010 12:00:00 AM","10/1/2016 5:00:00 AM","","//static.hidive.com/titles/MS/MS_MASTER_300x169.jpg","Dubbed"
"Majestic Prince","4/4/2013 12:00:00 AM","10/1/2016 5:00:00 AM","","//static.hidive.com/titles/MJP/MJP_MASTER_300x169.jpg","Dubbed"
"MAOYU ~ ARCHENEMY & HERO","1/4/2013 12:00:00 AM","3/1/2021 6:00:00 PM","","//static.hidive.com/titles/MAO/MAO_MASTER_300x169.jpg",NA
"Maria Holic","1/4/2009 12:00:00 AM","10/1/2016 5:00:00 AM","","//static.hidive.com/titles/MHC/maria-holic_MHC_MASTER_300x169_00.jpg","Dubbed"
"Maria Holic Alive","4/8/2011 12:00:00 AM","10/1/2016 5:00:00 AM","","//static.hidive.com/titles/MHA/MHA_MASTER_300x169.jpg","Dubbed"
"Maria Watches Over Us ~ printemps","7/4/2004 12:00:00 AM","8/12/2019 5:00:00 PM","","//static.hidive.com/titles/MWO/maria-watches-over-us-printemps-MWO_02_MASTER_300x169.jpg",NA
"Maria Watches Over Us","1/7/2004 12:00:00 AM","7/10/2019 5:00:00 PM","","//static.hidive.com/titles/MWO/maria-watches-over-us-MWO_01_MASTER_300x169.jpg",NA
"Maria Watches Over Us 4th Season","1/3/2009 12:00:00 AM","10/4/2019 5:00:00 PM","","//static.hidive.com/titles/MWO/maria-watches-over-us-4th-season_MWO_04_MASTER_300x169.jpg",NA
"Mashiroiro Symphony ~ The Color of Lovers","10/5/2011 12:00:00 AM","10/1/2016 5:00:00 AM","","//static.hidive.com/titles/MIS/MIS_MASTER_300x169.jpg",NA
"Matoi the Sacred Slayer","10/4/2016 12:00:00 AM","10/1/2016 12:00:00 AM","","//static.hidive.com/titles/MTS/MTS_01_MASTER_300x169.jpg",NA
"Mayo Chiki!","7/7/2011 12:00:00 AM","10/1/2016 5:00:00 AM","","//static.hidive.com/titles/MC/MC_01_MASTER_300x169.jpg","Dubbed"
"Medaka Box","4/4/2012 12:00:00 AM","10/1/2016 5:00:00 AM","","//static.hidive.com/titles/MDB/MDB_01_MASTER_300x169.jpg","Dubbed"
"Medaka Box Abnormal","10/10/2012 12:00:00 AM","10/1/2016 5:00:00 AM","","//static.hidive.com/titles/MDB/MDB_02_MASTER_300x169.jpg","Dubbed"
"Meganebu!","10/6/2013 12:00:00 AM","10/1/2016 5:00:00 AM","","//static.hidive.com/titles/MGB/MGB_MASTER_300x169.jpg",NA
"Mezzo","1/4/2004 12:00:00 AM","10/1/2016 5:00:00 AM","","//static.hidive.com/titles/MF/MF_MASTER_300x169.jpg","Dubbed"
"Mitsuboshi Colors","1/7/2018 12:00:00 AM","1/4/2018 7:00:00 PM","","//static.hidive.com/titles/MTC/MTC_01_MASTER_300x169.jpg","Dubbed"
"MM!","10/2/2010 12:00:00 AM","10/1/2016 5:00:00 AM","","//static.hidive.com/titles/MM/MM_MASTER_300x169.jpg","Dubbed"
"Modern Magic Made Simple","7/11/2009 12:00:00 AM","10/1/2016 5:00:00 AM","","//static.hidive.com/titles/YGM/YGM_MASTER_300x169.jpg",NA
"Momo, The Girl God of Death","3/3/2006 12:00:00 AM","10/1/2016 5:00:00 AM","","//static.hidive.com/titles/MJ-0110/MJ0110_01_MASTER_300x169.jpg","Dubbed"
"Momokuri","1/7/2016 12:00:00 AM","10/1/2016 5:00:00 AM","","//static.hidive.com/titles/MMK/MMK_01_MASTER_300x169.jpg",NA
"Momokyun Sword","7/8/2014 12:00:00 AM","10/1/2016 5:00:00 AM","","//static.hidive.com/titles/MKS/MKS_MASTER_300x169.jpg",NA
"Monochrome Factor","4/7/2008 12:00:00 AM","10/11/2018 7:00:00 PM","","//static.hidive.com/titles/MCF/MCF_01_MASTER_300x169.jpg","Exclusive"
"MONSTER MUSUME Everyday Life with Monster Girls","7/7/2015 12:00:00 AM","10/1/2016 5:00:00 AM","","//static.hidive.com/titles/ELM/ELM_MASTER_300x169.jpg","Dubbed"
"Monthly Girls' Nozaki-kun","7/7/2014 12:00:00 AM","10/1/2016 5:00:00 AM","","//static.hidive.com/titles/MGN/MGN_MASTER_300x169.jpg","Dubbed"
"Moribito: Guardian of the Spirit","4/7/2007 12:00:00 AM","9/22/2020 5:00:00 PM","","//static.hidive.com/titles/MGS/moribito-guardian-of-the-spirit_MGS_01_MASTER_300x169.jpg","Dubbed"
"Mother of the Goddess' Dormitory","7/14/2021 12:00:00 AM","7/8/2021 1:00:00 PM","","//static.hidive.com/titles/MOG/mother-of-the-goddess-dormitory_MOG_01_MASTER_300x169.jpg","Dubbed"
"Motto To Love Ru","10/5/2010 12:00:00 AM","10/1/2016 5:00:00 AM","","//static.hidive.com/titles/MLR/MLR_MASTER_300x169.jpg","Dubbed"
"Mr. Tonegawa: Middle Management Blues","7/3/2018 12:00:00 AM","7/26/2018 5:00:00 AM","","//static.hidive.com/titles/MTG/MTG_01_MASTER_300x169.jpg","Dubbed"
"My Girlfriend is Shobitch","10/11/2017 12:00:00 AM","10/6/2017 8:00:00 PM","","//static.hidive.com/titles/FVB/FVB_01_MASTER_300x169.jpg","Dubbed"
"My Little Monster","10/1/2012 12:00:00 AM","4/20/2021 1:00:00 PM","","//static.hidive.com/titles/MYM/my-little-monster_MYM_01_MASTER_300x169.jpg",NA
"My Love Story!!","4/9/2015 12:00:00 AM","10/1/2016 5:00:00 AM","","//static.hidive.com/titles/MLS/MLS_MASTER_300x169.jpg","Dubbed"
"My mental choices are completely interfering with my school romantic comedy.","10/9/2013 12:00:00 AM","10/1/2016 5:00:00 AM","","//static.hidive.com/titles/MMC/MMC_MASTER_300x169.jpg",NA
"My Teen Romantic Comedy SNAFU","4/5/2013 12:00:00 AM","10/1/2016 5:00:00 AM","","//static.hidive.com/titles/MRC/MRC_01_MASTER_300x169.jpg","Dubbed"
"My Teen Romantic Comedy SNAFU Climax","7/10/2020 12:00:00 AM","3/31/2020 9:00:00 PM","","//static.hidive.com/titles/MRC/my-teen-romantic-comedy-SNAFU-climax_MRC_03_MASTER_300x169.jpg","Dubbed"
"My Teen Romantic Comedy SNAFU TOO!","4/3/2015 12:00:00 AM","10/1/2016 5:00:00 AM","","//static.hidive.com/titles/MRC/MRC_02_MASTER_300x169.jpg","Dubbed"
"Mysteria Friends","1/21/2019 12:00:00 AM","2/7/2019 5:00:00 PM","","//static.hidive.com/titles/MFR/MFR_01_MASTER_300x169.jpg","Dubbed"
"Mysterious Girlfriend X","4/7/2012 12:00:00 AM","10/1/2016 5:00:00 AM","","//static.hidive.com/titles/MGX/MGX_MASTER_300x169.jpg","Dubbed"
"Nagasarete Airantou","4/4/2007 12:00:00 AM","2/20/2020 4:00:00 PM","","//static.hidive.com/titles/NGA/nagasarete-airanto_NGA_01_MASTER_300x169.jpg",NA
"NAKAIMO ~ My Little Sister is Among Them!","7/5/2012 12:00:00 AM","10/1/2016 5:00:00 AM","","//static.hidive.com/titles/NLS/NLS_MASTER_300x169.jpg","Dubbed"
"NAMUAMIDABUTSU! -UTENA-","4/8/2019 12:00:00 AM","4/1/2019 5:00:00 PM","","//static.hidive.com/titles/NAB/namu-amida-butsu-utena_NAB_01_MASTER_300x169_01.jpg",NA
"NANA","4/5/2006 12:00:00 AM","4/15/2021 1:00:00 PM","","//static.hidive.com/titles/NAN/nana_NAN_01_MASTER_300x169.jpg","Dubbed"
"Natsu no Arashi!","4/5/2009 12:00:00 AM","11/21/2019 5:00:00 PM","","//static.hidive.com/titles/NNA/natsu-no-arashi_NNA_01_MASTER_300x169.jpg","Exclusive"
"Natsuyuki Rendezvous","7/5/2012 12:00:00 AM","10/1/2016 5:00:00 AM","","//static.hidive.com/titles/NYR/NYR_MASTER_300x169.jpg",NA
"Needless","7/2/2009 12:00:00 AM","10/1/2016 5:00:00 AM","","//static.hidive.com/titles/NL/NL_MASTER_300x169.jpg","Dubbed"
"Negima!? (2006)","10/4/2006 12:00:00 AM","11/1/2018 4:00:00 PM","","//static.hidive.com/titles/NGM/NGM_02_MASTER_300x169.jpg","Dubbed"
"No Game, No Life","4/9/2014 12:00:00 AM","7/28/2015 12:00:00 AM","","//static.hidive.com/titles/NGL/NGL_MASTER_300x169.jpg","Dubbed"
"Nobunaga the Fool","1/6/2014 12:00:00 AM","10/1/2016 5:00:00 AM","","//static.hidive.com/titles/NBF/NBF_MASTER_300x169.jpg","Dubbed"
"Non Non Biyori","10/7/2013 12:00:00 AM","10/1/2016 5:00:00 AM","","//static.hidive.com/titles/NNB/NNB_01_MASTER_300x169.jpg",NA
"Non Non Biyori Nonstop","1/10/2021 12:00:00 AM","1/5/2020 6:00:00 PM","","//static.hidive.com/titles/NNB/non-non-biyori-nonstop_NNB_03_MASTER_300x169.jpg",NA
"Non Non Biyori Repeat","7/6/2015 12:00:00 AM","10/1/2016 5:00:00 AM","","//static.hidive.com/titles/NNB/NNB_02_MASTER_300x169.jpg",NA
"Norn9","1/7/2016 12:00:00 AM","10/1/2016 5:00:00 AM","","//static.hidive.com/titles/NRN/NRN_1_MASTER_300x169.jpg",NA
"Nurse Witch Komugi-chan R","1/9/2016 12:00:00 AM","10/1/2016 5:00:00 AM","","//static.hidive.com/titles/NWR/NWR_MASTER_300x169.jpg",NA
"Nyankoi!","10/1/2009 12:00:00 AM","10/1/2016 5:00:00 AM","","//static.hidive.com/titles/NY/NY_01_MASTER_300x169.jpg","Dubbed"
"O Maidens in Your Savage Season","7/5/2019 12:00:00 AM","6/28/2019 9:00:00 PM","","//static.hidive.com/titles/OMD/O-Maidens-in-You-Savage-Season_OMD_01_MASTER_300x169_01.jpg","Dubbed"
"Okamikakushi ~ Masque of the Wolf","1/8/2010 12:00:00 AM","10/1/2016 5:00:00 AM","","//static.hidive.com/titles/OKK/OKK_MASTER_300x169.jpg",NA
"Onigiri","4/6/2016 12:00:00 AM","10/1/2016 5:00:00 AM","","//static.hidive.com/titles/ONG/ONG_01_MASTER_300x169.jpg","Exclusive"
"Oresuki - Are you the only one who loves me?","10/2/2019 12:00:00 AM","10/2/2019 4:30:00 PM","","//static.hidive.com/titles/ORS/oresuki-ORS_01_MASTER_300x169_01.jpg",NA
"Outbreak Company","10/3/2013 12:00:00 AM","10/1/2016 5:00:00 AM","","//static.hidive.com/titles/OBC/OBC_MASTER_300x169.jpg","Dubbed"
"Outburst Dreamer Boys","10/4/2019 12:00:00 AM","9/30/2019 5:00:00 PM","","//static.hidive.com/titles/ODB/outburst-dreamer-boys_ODB_01_MASTER_300x169_02.jpg",NA
"Pastel Memories","1/7/2019 12:00:00 AM","1/3/2019 6:00:00 PM","","//static.hidive.com/titles/PTM/PTM_01_MASTER_300x169.jpg",NA
"Patlabor The Mobile Police (TV)","10/11/1989 12:00:00 AM","10/1/2016 5:00:00 AM","","//static.hidive.com/titles/PTL/PTL_02_MASTER_300x169.jpg","Dubbed"
"Penguindrum","7/8/2011 12:00:00 AM","10/1/2016 5:00:00 AM","","//static.hidive.com/titles/PGD/PGD_MASTER_300x169.jpg","Dubbed"
"The Perfect Insider","10/8/2015 12:00:00 AM","10/1/2016 5:00:00 AM","","//static.hidive.com/titles/PIN/Perfect-Insider_PIN_MASTER_300x169_00.jpg",NA
"The Pet Girl of Sakurasou","10/9/2012 12:00:00 AM","10/1/2016 5:00:00 AM","","//static.hidive.com/titles/PGS/PGS_MASTER_300x169.jpg","Dubbed"
"Pet Shop of Horrors","3/1/1999 12:00:00 AM","10/1/2016 5:00:00 AM","","//static.hidive.com/titles/PH/pet-shop-of-horrors_PH_MASTER_300x169_00.jpg","Dubbed"
"Peter Grill and the Philosopher's Time","7/10/2020 12:00:00 AM","7/2/2020 3:00:00 PM","","//static.hidive.com/titles/PGP/peter-grill-and-the-philosophers-time_PGP_01_MASTER_300x169_01.jpg","Dubbed"
"Phantasy Star Online 2: The Animation","1/7/2016 12:00:00 AM","10/1/2016 5:00:00 AM","","//static.hidive.com/titles/PSO/PSO_01_MASTER_300x169.jpg",NA
"Photo Kano","4/5/2013 12:00:00 AM","10/1/2016 5:00:00 AM","","//static.hidive.com/titles/PHK/PHK_MASTER_300x169.jpg",NA
"Place to Place","4/5/2012 12:00:00 AM","10/1/2016 5:00:00 AM","","//static.hidive.com/titles/PTP/PTP_MASTER_300x169.jpg",NA
"Polyphonica","4/3/2007 12:00:00 AM","10/1/2016 5:00:00 AM","","//static.hidive.com/titles/PY/PY_01_MASTER_300x169.jpg",NA
"Pop Team Epic","1/6/2018 12:00:00 AM","1/4/2018 7:00:00 PM","","//static.hidive.com/titles/PTE/PTE_01_MASTER_300x169_01.jpg",NA
"Popotan","7/17/2003 12:00:00 AM","10/1/2016 5:00:00 AM","","//static.hidive.com/titles/POP/POP_01_MASTER_300x169.jpg","Dubbed"
"The Price of Smiles","1/4/2019 12:00:00 AM","1/27/2019 6:00:00 PM","","//static.hidive.com/titles/PRS/PRS_01_MASTER_300x169.jpg",NA
"Princess Principal","7/9/2017 12:00:00 AM","6/30/2017 5:00:00 PM","","//static.hidive.com/titles/PRP/princess-principal_PRP_MASTER_300x169.jpg","Dubbed"
"Princess Resurrection","4/13/2007 12:00:00 AM","10/1/2016 5:00:00 AM","","//static.hidive.com/titles/PR/PR_MASTER_300x169.jpg","Dubbed"
"Princess Tutu","8/16/2002 12:00:00 AM","10/1/2016 5:00:00 AM","","//static.hidive.com/titles/PTT/PTT_MASTER_300x169.jpg","Dubbed"
"Problem children are coming from another world, aren't they?","1/11/2013 12:00:00 AM","11/16/2021 12:00:00 AM","","//static.hidive.com/titles/PCW/PCW_MASTER_300x169.jpg","Dubbed"
"The Promised Neverland","1/9/2019 12:00:00 AM","1/9/2019 3:00:00 PM","","//static.hidive.com/titles/PNV/PNV_01_MASTER_300x169.jpg",NA
"Psychic Squad","4/6/2008 12:00:00 AM","10/1/2016 5:00:00 AM","","//static.hidive.com/titles/ZKC/ZKC_MASTER_300x169.jpg",NA
"Punch Line","4/9/2015 12:00:00 AM","10/1/2016 5:00:00 AM","","//static.hidive.com/titles/PNL/PNL_MASTER_300x169.jpg",NA
"Queen's Blade Rebellion","4/3/2012 12:00:00 AM","10/1/2016 5:00:00 AM","","//static.hidive.com/titles/QBR/QBR_01_MASTER_300x169.jpg","Dubbed"
"The Qwaser of Stigmata","1/10/2010 12:00:00 AM","10/1/2016 5:00:00 AM","","//static.hidive.com/titles/QS/QS_01_MASTER_300x169.jpg",NA
"The Qwaser of Stigmata II","4/11/2011 12:00:00 AM","10/1/2016 5:00:00 AM","","//static.hidive.com/titles/QS/QS_02_MASTER_300x169.jpg",NA
"RahXephon","1/21/2002 12:00:00 AM","10/1/2016 5:00:00 AM","","//static.hidive.com/titles/RX/RX_MASTER_300x169.jpg","Dubbed"
"Re:Stage! Dream Days","7/7/2019 12:00:00 AM","6/28/2019 9:00:00 PM","","//static.hidive.com/titles/RSD/re-stage-dream-days-RSD_01_MASTER_300x169.jpg","Exclusive"
"Real Girl","4/3/2018 12:00:00 AM","4/1/2018 5:00:00 AM","","//static.hidive.com/titles/RLG/real-girl_RLG_01_MASTER_300x169_01.jpg","Dubbed"
"Redo of Healer","1/13/2021 12:00:00 AM","1/5/2021 6:00:00 PM","","//static.hidive.com/titles/ROH/redo-of-healer_ROH_01_MASTER_300x169.jpg",NA
"Reideen","3/3/2007 12:00:00 AM","10/1/2016 5:00:00 AM","","//static.hidive.com/titles/RDN/reideen_RDN_MASTER_300x169_00.jpg",NA
"RE-KAN!","4/3/2015 12:00:00 AM","10/1/2016 5:00:00 AM","","//static.hidive.com/titles/RKN/RKN_MASTER_300x169.jpg",NA
"Release the Spyce","10/6/2018 12:00:00 AM","10/1/2018 7:30:00 PM","","//static.hidive.com/titles/SPY/SPY_01_MASTER_300x169.jpg","Dubbed"
"Revue Starlight","7/14/2018 12:00:00 AM","7/13/2018 5:00:00 AM","","//static.hidive.com/titles/RST/RST_01_MASTER_300x169.jpg","Dubbed"
"RIN-NE","4/4/2015 12:00:00 AM","10/1/2016 5:00:00 AM","","//static.hidive.com/titles/RNE/RNE_MASTER_300x169.jpg",NA
"RIN-NE 2","4/9/2016 12:00:00 AM","10/1/2016 5:00:00 AM","","//static.hidive.com/titles/RNE/RNE_02_MASTER_300x169.jpg",NA
"RIN-NE 3","4/8/2017 12:00:00 AM","4/1/2017 6:00:00 AM","","//static.hidive.com/titles/RNE/RNE_03_MASTER_300x169.jpg","Exclusive"
"Rocket Girls","2/21/2007 12:00:00 AM","12/17/2018 6:00:00 PM","","//static.hidive.com/titles/RKG/rocket-girls-RKG_01_MASTER_300x169.jpg","Exclusive"
"Rozen Maiden","10/7/2004 12:00:00 AM","10/1/2016 5:00:00 AM","","//static.hidive.com/titles/RZM/RZM_01_MASTER_300x169.jpg","Dubbed"
"Rozen Maiden ~ Zurückspulen","7/4/2013 12:00:00 AM","10/1/2016 5:00:00 AM","","//static.hidive.com/titles/RMZ/RMZ_MASTER_300x169.jpg",NA
"Rozen Maiden: Träumend","10/20/2005 12:00:00 AM","10/1/2016 5:00:00 AM","","//static.hidive.com/titles/RZM/RZM_02_MASTER_300x169.jpg","Dubbed"
"Run with the Wind","10/2/2018 12:00:00 AM","10/30/2018 8:00:00 PM","","//static.hidive.com/titles/RWW/RWW_01_MASTER_300x169.jpg","Dubbed"
"Sagrada Reset","4/5/2017 12:00:00 AM","4/1/2017 12:00:00 AM","","//static.hidive.com/titles/SGR/SGR_01_MASTER_300x169.jpg",NA
"Sagrada Reset Season 2","6/28/2017 12:00:00 AM","6/27/2017 10:00:00 PM","","//static.hidive.com/titles/SGR/SGR_02_MASTER_300x169.jpg",NA
"Saiyuki","4/4/2000 12:00:00 AM","10/1/2016 5:00:00 AM","","//static.hidive.com/titles/DSY/DSY_MASTER_300x169.jpg","Dubbed"
"Saiyuki RELOAD ZEROIN","1/6/2022 12:00:00 AM","12/21/2021 2:00:00 PM","3/17/2022 3:00:00 PM","//static.hidive.com/titles/SYR/saiyuki-reload-zeroin_SYR_01_MASTER_300x169.jpg","E11 In 5 Days"
"Sakura Trick","1/9/2014 12:00:00 AM","10/1/2016 5:00:00 AM","","//static.hidive.com/titles/SKT/SKT_MASTER_300x169.jpg",NA
"Sakura Wars","4/8/2000 12:00:00 AM","10/1/2016 5:00:00 AM","","//static.hidive.com/titles/SW/SW_01_MASTER_300x169.jpg","Dubbed"
"Samurai Bride","4/5/2013 12:00:00 AM","10/1/2016 5:00:00 AM","","//static.hidive.com/titles/SMG/SMG_02_MASTER_300x169.jpg","Dubbed"
"Samurai Girls","10/3/2010 12:00:00 AM","10/1/2016 5:00:00 AM","","//static.hidive.com/titles/SMG/SMG_01_MASTER_300x169.jpg","Dubbed"
"Samurai Harem","1/8/2009 12:00:00 AM","10/1/2016 5:00:00 AM","","//static.hidive.com/titles/ANY/ANY_MASTER_300x169.jpg",NA
"Samurai Jam -Bakumatsu Rock-","7/2/2014 12:00:00 AM","10/1/2016 5:00:00 AM","","//static.hidive.com/titles/BKR/BKR_MASTER_300x169.jpg",NA
"Samurai Punisher","5/18/1979 12:00:00 AM","11/1/2017 5:00:00 AM","","//static.hidive.com/titles/SPN/SPN_01_MASTER_300x169.jpg","Exclusive"
"Sasami-san@Ganbaranai","1/11/2013 12:00:00 AM","10/1/2016 5:00:00 AM","","//static.hidive.com/titles/SSG/SSG_MASTER_300x169.jpg",NA
"Say ""I Love You""","10/6/2012 12:00:00 AM","10/1/2016 5:00:00 AM","","//static.hidive.com/titles/SIL/SIL_MASTER_300x169.jpg","Dubbed"
"School-Live!","7/9/2015 12:00:00 AM","7/9/2015 12:00:00 AM","","//static.hidive.com/titles/GKG/GKG_MASTER_300x169.jpg","Dubbed"
"Scum's Wish","1/12/2017 12:00:00 AM","2/12/2021 1:00:00 PM","","//static.hidive.com/titles/SCW/scums-wish_SCW_01_MASTER_300x169.jpg","Dubbed"
"Seitokai Yakuindomo","7/3/2010 12:00:00 AM","12/3/2019 5:00:00 PM","","//static.hidive.com/titles/SYD/Seitokai-Yakuindomo_SYD_01_MASTER_300x169.jpg",NA
"Seitokai Yakuindomo Season 2","1/4/2014 12:00:00 AM","1/14/2020 3:00:00 PM","","//static.hidive.com/titles/SYD/Seitokai-Yakuindomo_SYD_02_MASTER_300x169.jpg",NA
"Senryu Girl","4/5/2019 12:00:00 AM","4/1/2019 5:00:00 PM","","//static.hidive.com/titles/SNG/senryu-girl_SNG_01_MASTER_300x169.jpg","Dubbed"
"The Severing Crime Edge","4/4/2013 12:00:00 AM","10/1/2016 5:00:00 AM","","//static.hidive.com/titles/SCE/SCE_MASTER_300x169.jpg",NA
"SHIKIZAKURA","10/10/2021 12:00:00 AM","10/6/2021 1:00:00 PM","","//static.hidive.com/titles/SZK/shikizakura_SKZ_01_MASTER_300x169.jpg","Dubbed"
"Shin Koihime Muso","10/5/2009 12:00:00 AM","10/1/2016 5:00:00 AM","","//static.hidive.com/titles/SKH/SKH_01_MASTER_300x169.jpg",NA
"Shin Koihime Muso ~Otome Tairan~","4/1/2010 12:00:00 AM","10/1/2016 5:00:00 AM","","//static.hidive.com/titles/SKH/SKH_02_MASTER_300x169.jpg",NA
"The Skull Man","5/5/2007 12:00:00 AM","10/1/2016 5:00:00 AM","","//static.hidive.com/titles/SKM/skull-man_SKM_MASTER_300x169_00.jpg",NA
"Softenni!","4/7/2011 12:00:00 AM","10/1/2016 5:00:00 AM","","//static.hidive.com/titles/SNI/SNI_01_MASTER_300x169.jpg","Exclusive"
"Sorcerous Stabber Orphen","10/3/1998 12:00:00 AM","10/1/2016 5:00:00 AM","","//static.hidive.com/titles/OP/orphen_OP_MASTER_300x169_00.jpg","Dubbed"
"Sorcerous Stabber Orphen: Revenge","10/3/1998 12:00:00 AM","10/1/2016 5:00:00 AM","","//static.hidive.com/titles/OP/orphen-revenge_OP_MASTER_300x169_00.jpg","Dubbed"
"Space Runaway Ideon","5/8/1980 12:00:00 AM","11/9/2017 6:00:00 PM","","//static.hidive.com/titles/IDN/IDN_01_MASTER_300x169.jpg","Exclusive"
"Special A","4/6/2008 12:00:00 AM","10/1/2016 5:00:00 AM","","//static.hidive.com/titles/SPA/special-a_SPA_MASTER_300x169_00.jpg","Dubbed"
"Squid Girl","10/4/2010 12:00:00 AM","11/16/2017 6:00:00 PM","","//static.hidive.com/titles/SQG/SQG_01_MASTER_300x169.jpg","Dubbed"
"Squid Girl 2","9/26/2011 12:00:00 AM","12/15/2017 6:00:00 AM","","//static.hidive.com/titles/SQG/SQG_02_MASTER_300x169.jpg","Dubbed"
"Stella Women's Academy High School Division Class C3","7/4/2013 12:00:00 AM","10/1/2016 5:00:00 AM","","//static.hidive.com/titles/SWA/SWA_MASTER_300x169.jpg",NA
"Strawberry Marshmallow","7/14/2005 12:00:00 AM","10/1/2016 5:00:00 AM","","//static.hidive.com/titles/SMM/SMM_01_MASTER_300x169.jpg","Dubbed"
"Student Council's Discretion","10/2/2009 12:00:00 AM","3/31/2015 5:00:00 AM","","//static.hidive.com/titles/SCD/SCD_01_MASTER_300x169.jpg",NA
"Sunday Without God","7/7/2013 12:00:00 AM","10/1/2016 5:00:00 AM","","//static.hidive.com/titles/SWH/SWH_MASTER_300x169.jpg","Dubbed"
"Sword Art Online Alicization War of Underworld","10/5/2019 12:00:00 AM","10/11/2019 5:00:00 PM","","//static.hidive.com/titles/SAO/sword-art-online-alicization-war-of-underworld_SAO_02_MASTER_300x169.jpg",NA
"Sword Art Online Alicization","10/6/2018 12:00:00 AM","11/6/2019 5:00:00 PM","","//static.hidive.com/titles/SAO/sword-art-online-alicization_SAO_01_MASTER_300x169.jpg",NA
"Sword Oratoria: Is it Wrong to Try to Pick Up Girls in a Dungeon? On the Side","4/15/2017 12:00:00 AM","4/1/2017 12:00:00 AM","","//static.hidive.com/titles/SWO/SWO_01_MASTER_300x169.jpg","Dubbed"
"Tada Never Falls in Love","4/5/2018 12:00:00 AM","4/1/2018 5:00:00 AM","","//static.hidive.com/titles/TNF/TNF_01_MASTER_300x169.jpg","Dubbed"
"Taisho Baseball Girls","7/2/2009 12:00:00 AM","10/1/2016 5:00:00 AM","","//static.hidive.com/titles/TBG/TBG_01_MASTER_300x169.jpg",NA
"Takunomi","1/12/2018 12:00:00 AM","1/4/2018 7:00:00 PM","","//static.hidive.com/titles/TKN/TKN_01_MASTER_300x169.jpg","Dubbed"
"Tamako Market","1/10/2013 12:00:00 AM","10/1/2016 5:00:00 AM","","//static.hidive.com/titles/TMK/TMK_MASTER_300x169.jpg","Dubbed"
"Tanaka-kun is Always Listless","4/9/2016 12:00:00 AM","10/1/2016 5:00:00 AM","","//static.hidive.com/titles/TNK/TNK_01_MASTER_300x169.jpg","Dubbed"
"Tari Tari","7/1/2012 12:00:00 AM","10/1/2016 5:00:00 AM","","//static.hidive.com/titles/TRT/TRT_MASTER_300x169.jpg",NA
"Tayutama ~ Kiss on My Deity","4/5/2009 12:00:00 AM","10/1/2016 5:00:00 AM","","//static.hidive.com/titles/TYT/tayutama-kiss-on-my-deity_TYT_MASTER_300x169_00.jpg",NA
"Tears to Tiara","4/5/2009 12:00:00 AM","10/1/2016 5:00:00 AM","","//static.hidive.com/titles/TT/TT_01_MASTER_300x169.jpg","Dubbed"
"Teasing Master Takagi-san3","1/7/2022 12:00:00 AM","12/28/2021 2:00:00 PM","","//static.hidive.com/titles/TMT/teasing-master-takagi-san_TMT_03_MASTER_300x169.jpg",""
"This Art Club Has a Problem!","7/8/2016 12:00:00 AM","8/27/2019 5:00:00 PM","","//static.hidive.com/titles/ACP/this-art-club-has-a-problem_ACP_01_MASTER_300x169.jpg",NA
"The Thousand Musketeers","7/3/2018 12:00:00 AM","7/3/2018 12:00:00 AM","","//static.hidive.com/titles/TNM/TNM_01_MASTER_300x169.jpg","Exclusive"
"To Heart 2","10/3/2015 12:00:00 AM","11/22/2017 6:00:00 AM","","//static.hidive.com/titles/THR/THR_02_MASTER_300x169.jpg",NA
"To Love Ru","4/3/2008 12:00:00 AM","10/1/2016 5:00:00 AM","","//static.hidive.com/titles/TLR/TLR_MASTER_300x169.jpg","Dubbed"
"To Love Ru Darkness","10/5/2012 12:00:00 AM","10/1/2016 5:00:00 AM","","//static.hidive.com/titles/TLD/TLD_01_MASTER_300x169.jpg","Dubbed"
"To loveru Darkness 2","7/6/2015 12:00:00 AM","10/1/2016 5:00:00 AM","","//static.hidive.com/titles/TLD/TLD_02_MASTER_300x169.jpg","Dubbed"
"Tokyo Magnitude 8.0","7/9/2009 12:00:00 AM","3/1/2018 4:00:00 PM","","//static.hidive.com/titles/MJ-0140/MJ0140_01_MASTER_300x169.jpg","Dubbed"
"Triage X","4/9/2015 12:00:00 AM","10/1/2016 5:00:00 AM","","//static.hidive.com/titles/TRX/TRX_MASTER_300x169.jpg",NA
"Trinity Seven","10/7/2014 12:00:00 AM","10/1/2016 5:00:00 AM","","//static.hidive.com/titles/TRS/TRS_01_MASTER_300x169.jpg","Dubbed"
"Try Knights","7/31/2019 12:00:00 AM","2/20/2020 4:00:00 PM","","//static.hidive.com/titles/TRK/try-knights_TRK_01_MASTER_300x169.jpg",NA
"Tsukipro The Animation","10/4/2017 12:00:00 AM","9/6/2021 1:00:00 PM","","//static.hidive.com/titles/TKP/tsukipro-the-animation-s1_TKP_01_MASTER_300x169.jpg",NA
"Tsukipro The Animation 2","7/7/2021 12:00:00 AM","6/30/2021 1:00:00 PM","","//static.hidive.com/titles/TKP/tsukipro-the-animation-s2_TKP_02_MASTER_300x169.jpg","New Release"
"Tsurune","10/21/2018 12:00:00 AM","11/18/2018 5:00:00 PM","","//static.hidive.com/titles/TRN/TRN_01_MASTER_300x169.jpg","Dubbed"
"Undefeated Bahamut Chronicle","1/11/2016 12:00:00 AM","10/1/2015 5:00:00 AM","","//static.hidive.com/titles/UHB/UHB_01_MASTER_300x169.jpg",NA
"UQ HOLDER!","10/2/2017 12:00:00 AM","9/25/2017 7:15:00 PM","","//static.hidive.com/titles/UQH/UQH_01_MASTER_300x169.jpg","Dubbed"
"Urara Meirocho","1/6/2017 12:00:00 AM","1/7/2017 6:00:00 AM","","//static.hidive.com/titles/UMC/UMC_MASTER_300x169.jpg",NA
"Ushio & Tora","7/3/2015 12:00:00 AM","10/1/2016 5:00:00 AM","","//static.hidive.com/titles/UHT/UHT_MASTER_300x169.jpg","Dubbed"
"Utano Prince Sama 1000%","7/3/2011 12:00:00 AM","10/1/2016 5:00:00 AM","","//static.hidive.com/titles/UPS/UPS_01_MASTER_300x169.jpg",NA
"Utano Prince Sama 2000%","4/4/2013 12:00:00 AM","10/1/2016 5:00:00 AM","","//static.hidive.com/titles/UPS/UPS_02_MASTER_300x169.jpg",NA
"Utano Princesama Legend Star","10/1/2016 12:00:00 AM","10/1/2016 12:00:00 AM","","//static.hidive.com/titles/UPS/UPS_04_MASTER_300x169.jpg",NA
"Utano Princesama Revolutions","4/5/2015 12:00:00 AM","10/1/2016 5:00:00 AM","","//static.hidive.com/titles/UPS/UPS_03_MASTER_300x169.jpg",NA
"Utawarerumono -The False Faces-","10/4/2015 12:00:00 AM","10/1/2016 5:00:00 AM","","//static.hidive.com/titles/UWM/UWM_01_MASTER_300x169.jpg","Dubbed"
"Val x Love","10/5/2019 12:00:00 AM","9/30/2019 5:00:00 PM","","//static.hidive.com/titles/VXL/val-x-love_VXL_01_MASTER_300x169_01.jpg",NA
"Valerian & Laureline","10/20/2007 12:00:00 AM","7/18/2017 12:00:00 AM","","//static.hidive.com/titles/VAL/VAL_01_MASTER_300x169.jpg","Dubbed"
"Vatican Miracle Examiner","7/7/2017 12:00:00 AM","6/30/2017 5:00:00 PM","","//static.hidive.com/titles/VME/vatican-miracle-examiner_VME_MASTER_300x169.jpg",NA
"Waccha PriMagi!","10/3/2021 12:00:00 AM","9/27/2021 1:00:00 PM","3/13/2022 2:00:00 AM","//static.hidive.com/titles/WPM/waccha-primagi_WPM_01_MASTER_300x169.jpg","Tomorrow"
"Waiting in the Summer","1/10/2012 12:00:00 AM","10/1/2016 5:00:00 AM","","//static.hidive.com/titles/ANM/ANM_MASTER_300x169.jpg","Dubbed"
"Wakaba Girl","7/3/2015 12:00:00 AM","10/1/2016 5:00:00 AM","","//static.hidive.com/titles/WKG/WKG_MASTER_300x169.jpg",NA
"Wake Up, Girls!","1/10/2014 12:00:00 AM","10/1/2016 5:00:00 AM","","//static.hidive.com/titles/WUG/WUG_01_MASTER_300x169.jpg",NA
"Wandaba Style","4/5/2003 12:00:00 AM","5/15/2019 5:00:00 PM","","//static.hidive.com/titles/WNS/WNS_01_MASTER_300x169.jpg","Dubbed"
"Wasteful Days of High School Girls","7/5/2019 12:00:00 AM","7/1/2019 5:00:00 PM","","//static.hidive.com/titles/WDG/wasteful-days-of-high-school-girls_WDG_01_MASTER_300x169_04.jpg","Dubbed"
"WATAMOTE: No Matter How I Look At It, It's You Guys' Fault I'm Not Popular!","7/8/2013 12:00:00 AM","10/1/2016 5:00:00 AM","","//static.hidive.com/titles/WAT/WAT_MASTER_300x169.jpg","Dubbed"
"We Never Learn!: BOKUBEN","4/6/2019 12:00:00 AM","11/6/2019 5:00:00 PM","","//static.hidive.com/titles/WNL/we-never-learn-bokuben_WNL_01_MASTER_300x169.jpg",NA
"We Never Learn!: BOKUBEN Season 2!","10/5/2019 12:00:00 AM","10/4/2019 5:00:00 PM","","//static.hidive.com/titles/WNL/we-never-learn-bokuben-s2_WNL_02_MASTER_300x169_02.jpg",NA
"We Rent Tsukumogami","7/22/2018 12:00:00 AM","2/17/2020 5:00:00 PM","","//static.hidive.com/titles/WRT/we-rent-tsukumogami_WRT_01_MASTER_300x169.jpg",NA
"When Supernatural Battles Became Commonplace","10/6/2014 12:00:00 AM","10/1/2016 5:00:00 AM","","//static.hidive.com/titles/WSC/WSC_01_MASTER_300x169.jpg","Dubbed"
"When They Cry","4/5/2006 12:00:00 AM","10/1/2016 5:00:00 AM","","//static.hidive.com/titles/WTC/when-they-cry_WTC_MASTER_300x169_00.jpg","Dubbed"
"When They Cry Kai","7/5/2007 12:00:00 AM","10/1/2016 5:00:00 AM","","//static.hidive.com/titles/WTC/when-they-cry-2_WTC_MASTER_300x169_00.jpg",NA
"Why the Hell are You Here, Teacher!?","4/7/2019 12:00:00 AM","4/1/2019 5:00:00 PM","","//static.hidive.com/titles/WHT/why-the-hell-are-you-here-teacher_WHT_01_MASTER_300x169_02.jpg","Dubbed"
"Wish Upon the Pleiades","4/9/2015 12:00:00 AM","10/1/2016 5:00:00 AM","","//static.hidive.com/titles/WUP/WUP_MASTER_300x169.jpg",NA
"The World God Only Knows","10/6/2010 12:00:00 AM","1/24/2012 12:00:00 AM","","//static.hidive.com/titles/WGK/WGK_01_MASTER_300x169.jpg","Dubbed"
"The World God Only Knows II","4/11/2011 12:00:00 AM","10/1/2016 5:00:00 AM","","//static.hidive.com/titles/WGK/WGK_02_MASTER_300x169.jpg","Dubbed"
"W'Z","1/5/2019 12:00:00 AM","1/3/2019 6:00:00 PM","","//static.hidive.com/titles/WZZ/WZZ_01_MASTER_300x169.jpg",NA
"Yamishibai: Japanese Ghost Stories","7/14/2013 12:00:00 AM","10/20/2016 12:00:00 AM","","//static.hidive.com/titles/YMB/YMB_01_MASTER_300x169.jpg",NA
"Yamishibai: Japanese Ghost Stories S2","7/9/2014 12:00:00 AM","10/1/2016 5:00:00 AM","","//static.hidive.com/titles/YMB/YMB_02_MASTER_300x169.jpg",NA
"Young Black Jack","10/2/2015 12:00:00 AM","10/1/2016 5:00:00 AM","","//static.hidive.com/titles/YBJ/YBJ_01_MASTER_300x169.jpg",NA
"You're Under Arrest","9/24/1994 12:00:00 AM","10/1/2016 5:00:00 AM","","//static.hidive.com/titles/YUA/YUA_01_MASTER_300x169.jpg","Dubbed"
"You're Under Arrest: Fast and Furious","4/7/2001 12:00:00 AM","7/31/2019 5:00:00 PM","","//static.hidive.com/titles/YUA/YUA_02_MASTER_300x169.jpg",NA
"You're Under Arrest: Full Throttle","10/4/2007 12:00:00 AM","7/31/2019 5:00:00 PM","","//static.hidive.com/titles/YUA/YUA_03_MASTER_300x169.jpg",NA
"Yozakura Quartet","10/2/2008 12:00:00 AM","3/14/2018 10:00:00 PM","","//static.hidive.com/titles/YQ/YQ_01_MASTER_300x169.jpg",NA
"Yuki Yuna is a Hero","10/17/2014 12:00:00 AM","10/8/2021 1:00:00 PM","","//static.hidive.com/titles/YYH/yuki-yuna-is-a-hero_YYH_01_MASTER_300x169.jpg","Dubbed"
"Yuki Yuna is a Hero: The Hero Chapter","11/25/2017 12:00:00 AM","10/15/2021 1:00:00 PM","","//static.hidive.com/titles/YYH/yuki-yuna-is-a-hero_YYH_02_Hero_MASTER_300x169.jpg",NA
"Yuki Yuna is a Hero: The Washio Sumi Chapter","10/7/2017 12:00:00 AM","10/15/2021 1:00:00 PM","","//static.hidive.com/titles/YYH/yuki-yuna-is-a-hero_YYH_02_Washio_MASTER_300x169.jpg",NA
"Yuki Yuna Is a Hero: Great Mankai Chapter","10/1/2021 12:00:00 AM","9/24/2021 1:00:00 PM","","//static.hidive.com/titles/YYH/yuki-yuna-is-a-hero-great-mankai-chapter_YYH_03_MASTER_300x169.jpg","Exclusive"
"Yumeiro Patissiere","10/4/2009 12:00:00 AM","10/21/2019 5:00:00 PM","","//static.hidive.com/titles/YMP/yumeiro-patissiere_YMP_01_MASTER_300x169.jpg",NA
"Yumeiro Patissiere SP Professional","10/3/2010 12:00:00 AM","1/14/2020 3:00:00 PM","","//static.hidive.com/titles/YMP/yumeiro-patissiere-sp-professional_YMP_02_MASTER_300x169.jpg",NA
"Yuyushiki","4/9/2013 12:00:00 AM","10/1/2016 5:00:00 AM","","//static.hidive.com/titles/YYS/YYS_MASTER_300x169.jpg",NA
"Z/X: Code Reunion","10/8/2019 12:00:00 AM","10/3/2019 5:00:00 PM","","//static.hidive.com/titles/ZXC/zx-code-reunion_ZXC_01_MASTER_300x169.jpg",NA
